1.129999999999999893e+00,0.000000000000000000e+00,1.570796326794896558e+00
1.129874709736181648e+00,9.998953435442606980e-03,1.595854361239793962e+00
1.129498997285480311e+00,1.999163146809976310e-02,1.620896454794767072e+00
1.128873336731278432e+00,2.997177857357190625e-02,1.645906744560063029e+00
1.127998515096586329e+00,3.993317878991149011e-02,1.670869522590086698e+00
1.126875627717322192e+00,4.986967501698872512e-02,1.695769310829890353e+00
1.125506071858067392e+00,5.977518774852030869e-02,1.720590933071604711e+00
1.123891538660516831e+00,6.964373306541413178e-02,1.745319583049030010e+00
1.122034003536573232e+00,7.946943973354393675e-02,1.769940887878636016e+00
1.119935715136933352e+00,8.924656526623199471e-02,1.794440966161211737e+00
1.117599183041732891e+00,9.896951083104346680e-02,1.818806480176451634e+00
1.115027164332040632e+00,1.086328349013957473e-01,1.843024681728764103e+00
1.112222649209658520e+00,1.182312655753498531e-01,1.867083451332343991e+00
1.109188845837675741e+00,1.277597115061756272e-01,1.890971330552975838e+00
1.105929164575752077e+00,1.372132714112906937e-01,1.914677547449342931e+00
1.102447201782263297e+00,1.465872421474393172e-01,1.938192035174492567e+00
1.098746723350612964e+00,1.558771253600373108e-01,1.961505443905713575e+00
1.094831648139490854e+00,1.650786327330804326e-01,1.984609146366293597e+00
1.090706031447073343e+00,1.741876898825918119e-01,2.007495237283848599e+00
1.086374048667552161e+00,1.832004389510557552e-01,2.030156527196323779e+00
1.081839979255362572e+00,1.921132399725208606e-01,2.052586531068004039e+00
1.077108191108509638e+00,2.009226710880001043e-01,2.074779452214218001e+00
1.072183125467894849e+00,2.096255276984766713e-01,2.096730162055580493e+00
1.067069282414838227e+00,2.182188206483167414e-01,2.118434176231626331e+00
1.061771207034490239e+00,2.266997735353324106e-01,2.139887627600901787e+00
1.056293476298754141e+00,2.350658192452996786e-01,2.161087236641574538e+00
1.050640686708963045e+00,2.433145958086177785e-01,2.182030279744893164e+00
1.044817442726069023e+00,2.514439416752140555e-01,2.202714555865167956e+00
1.038828346004606829e+00,2.594518905009792209e-01,2.223138351955770808e+00
1.032677985436338597e+00,2.673366655351842036e-01,2.243300407582672129e+00
1.026370928000257754e+00,2.750966736936978907e-01,2.263199879066413178e+00
1.019911710407601646e+00,2.827304993976048619e-01,2.282836303461506233e+00
1.013304831523646810e+00,2.902368982511920881e-01,2.302209562640044727e+00
1.006554745542303397e+00,2.976147906274114185e-01,2.321319847704670813e+00
9.996658558848303677e-01,3.048632552229741388e-01,2.340167623915669015e+00
9.926425097902922268e-01,3.119815226393238272e-01,2.358753596278385434e+00
9.854889935625825714e-01,3.189689690399676869e-01,2.377078675900764271e+00
9.782095284368538257e-01,3.258251099291209485e-01,2.395143947196785472e+00
9.708082670269455594e-01,3.325495940913886228e-01,2.412950635980137815e+00
9.632892903147811658e-01,3.391421977273412769e-01,2.430500078463520008e+00
9.556566051426392816e-01,3.456028188153646430e-01,2.447793691152541307e+00
9.479141421695959080e-01,3.519314717261087244e-01,2.464832941599072402e+00
9.400657542542187883e-01,3.581282821122399040e-01,2.481619319956952285e+00
9.321152152266920510e-01,3.641934820930258776e-01,2.498154311262894112e+00
9.240662190148968280e-01,3.701274057505474779e-01,2.514439368347024750e+00
9.159223790905177687e-01,3.759304849520363478e-01,2.530475885260382363e+00
9.076872282029229133e-01,3.816032455109726884e-01,2.546265171090657642e+00
8.993642183703624005e-01,3.871463036981322436e-01,2.561808424022031350e+00
8.909567210998657893e-01,3.925603631127344006e-01,2.577106705479959015e+00
8.824680278091128205e-01,3.978462119232061278e-01,2.592160914186627974e+00
8.739013504254360409e-01,4.030047204868232313e-01,2.606971759937432243e+00
8.652598221390042088e-01,4.080368393576230823e-01,2.621539736892532169e+00
8.565464982890945711e-01,4.129435976924817897e-01,2.635865096160296517e+00
8.477643573641930885e-01,4.177261020661309776e-01,2.649947817430454489e+00
8.389163020984622410e-01,4.223855357071328864e-01,2.663787579393944505e+00
8.300051606488833000e-01,4.269231581684693189e-01,2.677383728663120355e+00
8.210336878391168991e-01,4.313403054484193366e-01,2.690735246879751408e+00
8.120045664578442457e-01,4.356383905798297818e-01,2.703840715668568428e+00
8.029204086010797159e-01,4.398189047087502357e-01,2.716698279060462351e+00
7.937837570496708572e-01,4.438834186867154363e-01,2.729305602971155320e+00
7.845970866749882866e-01,4.478335852047835020e-01,2.741659831277638126e+00
7.753628058676581558e-01,4.516711415017836684e-01,2.753757537985157544e+00
7.660832579861601710e-01,4.553979126841776193e-01,2.765594674921305618e+00
7.567607228242428929e-01,4.590158157005217454e-01,2.777166514330020153e+00
7.473974180984681581e-01,4.625268640198266223e-01,2.788467585666152271e+00
7.379955009598433424e-01,4.659331730702018226e-01,2.799491605810004113e+00
7.285570695365481964e-01,4.692369665021367542e-01,2.810231401829917264e+00
7.190841645182921571e-01,4.724405833496946316e-01,2.820678825319069549e+00
7.095787707970252489e-01,4.755464861728671000e-01,2.830824657219528362e+00
7.000428191836913783e-01,4.785572702754588015e-01,2.840658501922202372e+00
6.904781882267095883e-01,4.814756741052144684e-01,2.850168669296103019e+00
6.808867061651134867e-01,4.843045909565522611e-01,2.859342043155451041e+00
6.712701530581126619e-01,4.870470821112585225e-01,2.868163934521391401e+00
6.616302631436324910e-01,4.897063915688326663e-01,2.876617917880813113e+00
6.519687274916117214e-01,4.922859625357698388e-01,2.884685648495439292e+00
6.422871970340872094e-01,4.947894558617306204e-01,2.892346658681311133e+00
6.325872860740509029e-01,4.972207706299103802e-01,2.899578130879188365e+00
6.228705763996028599e-01,4.995840671283671708e-01,2.906354645295511574e+00
6.131386221600414466e-01,5.018837924476047263e-01,2.912647899948072716e+00
6.033929556974657604e-01,5.041247089658341674e-01,2.918426401152979022e+00
5.936350945725871187e-01,5.063119259948208883e-01,2.923655122914214921e+00
5.838665500783645212e-01,5.084509348627779257e-01,2.928295134428335889e+00
5.740888376015067518e-01,5.105476477017246717e-01,2.932303196139311119e+00
5.643034892715702577e-01,5.126084401784449796e-01,2.935631326670631758e+00
5.545120694318770305e-01,5.146401983513886336e-01,2.938226345792704031e+00
5.447161935767799168e-01,5.166503697377843318e-01,2.940029402712476259e+00
5.349175515256698876e-01,5.186470185185302340e-01,2.940975504870195323e+00
5.251179357430679762e-01,5.206388845698669554e-01,2.940993070696799272e+00
5.153192758598207357e-01,5.226354456600525999e-01,2.940003541167280243e+00
5.055236805901296426e-01,5.246469816474795822e-01,2.937921100349270009e+00
4.957334883503667355e-01,5.266846388162620407e-01,2.934652575424240961e+00
4.859513279310418432e-01,5.287604915307979603e-01,2.930097612691466846e+00
4.761801904944749086e-01,5.308875971230533342e-01,2.924149258291078635e+00
4.664235138806295256e-01,5.330800382923523983e-01,2.916695110283971548e+00
4.566852795793441278e-01,5.353529452693869262e-01,2.907619249919646265e+00
4.469701216064172478e-01,5.377224876038712020e-01,2.896805198806946091e+00
4.372834447078178255e-01,5.402058228171017218e-01,2.884140174670888346e+00
4.276315466080108374e-01,5.428209866341423551e-01,2.869520913885942548e+00
4.180217352678030629e-01,5.455867076555783735e-01,2.852861268299490938e+00
4.084624273469945055e-01,5.485221290605085676e-01,2.834101634292016225e+00
3.989632086443922199e-01,5.516464225067186922e-01,2.813220000264169851e+00
3.895348321348135467e-01,5.549782862615213475e-01,2.790243985672132165e+00
3.801891259828194536e-01,5.585353319973349606e-01,2.765262709877645886e+00
3.709387849037762419e-01,5.623333829247401106e-01,2.738436759930175324e+00
3.617970259775682984e-01,5.663857284469914211e-01,2.710004096632387949e+00
3.527771061508989670e-01,5.707024031232720285e-01,2.680279687994504556e+00
3.438917225190462057e-01,5.752895737666564591e-01,2.649647213261359546e+00
3.351523438844342118e-01,5.801491205200687284e-01,2.618542412317011348e+00
3.265685455495040967e-01,5.852784806586723843e-01,2.587429360361878317e+00
3.181474302603699567e-01,5.906707882990415159e-01,2.556772635315444742e+00
3.098932108894024706e-01,5.963152968923290942e-01,2.527009410755317376e+00
3.018070051615764360e-01,6.021980269654310103e-01,2.498525527050395212e+00
2.938868564921338078e-01,6.083025514064228645e-01,2.471638559539405922e+00
2.861279585324839059e-01,6.146108215264831642e-01,2.446589226834080311e+00
2.785230340281324990e-01,6.211039482903456532e-01,2.423540768139290869e+00
2.710628061054507487e-01,6.277628775485089019e-01,2.402584664892157384e+00
2.637365016370298854e-01,6.345689267864454974e-01,2.383750504018935956e+00
2.565323376023584956e-01,6.415041763848255973e-01,2.367017812456215342e+00
2.494379569287157594e-01,6.485517266236083822e-01,2.352328113299979151e+00
2.424407956640012851e-01,6.556958419052448805e-01,2.339596021647492030e+00
2.355283758196830279e-01,6.629220072629747884e-01,2.328718736222235464e+00
2.286885268814377592e-01,6.702169213099786749e-01,2.319583700870404996e+00
2.219095440400513930e-01,6.775684464304251309e-01,2.312074486565454112e+00
2.151802934303563009e-01,6.849655327591559484e-01,2.306075097886564951e+00
2.084902749869060323e-01,6.923981283077083049e-01,2.301472971155490210e+00
2.018296527189523126e-01,6.998570839615554373e-01,2.298160937400371306e+00
1.951892608575650223e-01,7.073340591680026268e-01,2.296038398074741860e+00
1.885605928171498746e-01,7.148214319437592446e-01,2.295011922815234584e+00
1.819357784646821741e-01,7.223122152571528343e-01,2.294995437290575868e+00
1.753075539128892690e-01,7.297999807567524533e-01,2.295910131122456121e+00
1.686692269875506855e-01,7.372787901050127379e-01,2.297684183416365045e+00
1.620146406626792601e-01,7.447431337298107135e-01,2.300252377193668263e+00
1.553381360890583041e-01,7.521878765475161766e-01,2.303555653548678528e+00
1.486345163321677598e-01,7.596082100778023261e-01,2.307540640833529721e+00
1.418990115548929010e-01,7.669996103189087311e-01,2.312159182667153701e+00
1.351272461012199833e-01,7.743578007517580852e-01,2.317367880199931118e+00
1.283152077360954491e-01,7.816787198712048523e-01,2.323127658095313741e+00
1.214592191547590183e-01,7.889584926887925898e-01,2.329403359507218330e+00
1.145559117771074581e-01,7.961934057047135305e-01,2.336163372462157994e+00
1.076022017773418382e-01,8.033798849015399979e-01,2.343379288134947558e+00
1.005952682574091372e-01,8.105144763654063000e-01,2.351025590264560705e+00
9.353253344787958168e-02,8.175938291898137145e-01,2.359079374191598077e+00
8.641164480693212802e-02,8.246146803622055321e-01,2.367520093564601691e+00
7.923045888338980935e-02,8.315738413736846191e-01,2.376329332553614559e+00
7.198702681058197217e-02,8.384681863277507752e-01,2.385490601350674478e+00
6.467958130228378122e-02,8.452946413550622706e-01,2.394989152775153674e+00
5.730652502871147469e-02,8.520501751683225988e-01,2.404811817899861204e+00
4.986642025856295041e-02,8.587317906149135593e-01,2.414946858746059188e+00
4.235797966170637419e-02,8.653365171052520566e-01,2.425383836244482172e+00
3.478005817587049436e-02,8.718614038124500309e-01,2.436113491813702403e+00
2.713164584927035133e-02,8.783035135540818716e-01,2.447127641059154701e+00
1.941186157931158035e-02,8.846599172800289068e-01,2.458419078241266487e+00
1.161994767523431143e-02,8.909276891017895439e-01,2.469981490296768278e+00
3.755265179717493310e-03,8.971039018085638084e-01,2.481809379322047704e+00
-4.182710108964099102e-03,9.031856228240556783e-01,2.493897992540907715e+00
-1.219439096665896234e-02,9.091699105655105528e-01,2.506243258881430069e+00
-2.028008147196600289e-02,9.150538111731399971e-01,2.518841731378282045e+00
-2.843997917596578773e-02,9.208343555839613170e-01,2.531690534698443962e+00
-3.667417675095175494e-02,9.265085569292877965e-01,2.544787317160761120e+00
-4.498266315226456813e-02,9.320734082397684750e-01,2.558130206683785879e+00
-5.336532432402030929e-02,9.375258804460657736e-01,2.571717770152801119e+00
-6.182194347666337270e-02,9.428629206670535723e-01,2.585548975746706724e+00
-7.035220096184592597e-02,9.480814507808762448e-01,2.599623157809150875e+00
-7.895567376811336857e-02,9.531783662773906096e-01,2.613939983886730545e+00
-8.763183465924394289e-02,9.581505353934256508e-01,2.628499423590918482e+00
-9.638005097583329794e-02,9.629947985350237882e-01,2.643301718970167968e+00
-1.051995831198200004e-01,9.677079679933392464e-01,2.658347356104973525e+00
-1.140895827411069208e-01,9.722868279632258526e-01,2.673637037662107030e+00
-1.230490906452371552e-01,9.767281348757326231e-01,2.689171656165167512e+00
-1.320770344412292019e-01,9.810286180577578730e-01,2.704952267757585460e+00
-1.411722259491587361e-01,9.851849807339801979e-01,2.720980066251583285e+00
-1.503333583878930513e-01,9.891939013878893183e-01,2.737256357272857876e+00
-1.595590033645358785e-01,9.930520355002578903e-01,2.753782532326197519e+00
-1.688476076886234467e-01,9.967560176847175546e-01,2.770560042622343566e+00
-1.781974900359228897e-01,1.000302464241188405e+00,2.787590372521422832e+00
-1.876068374888172907e-01,1.003687976148750494e+00,2.804875012463678097e+00
-1.970737019827084324e-01,1.006909142520080236e+00,2.822415431274247766e+00
-2.065959966906170675e-01,1.009962544539775298e+00,2.840213047745807629e+00
-2.161714923811918210e-01,1.012844759908705372e+00,2.858269201421232530e+00
-2.257978137886296754e-01,1.015552367815907742e+00,2.876585122518464210e+00
-2.354724360365292035e-01,1.018081954458430305e+00,2.895161900961616297e+00
-2.451926811614019430e-01,1.020430119127858859e+00,2.914000454506402882e+00
-2.549557147854052408e-01,1.022593480879993910e+00,2.933101495974315132e+00
-2.647585429917673205e-01,1.024568685801190204e+00,2.952465499638822877e+00
-2.745980094602770150e-01,1.026352414881211317e+00,2.972092666838222375e+00
-2.844707929240154476e-01,1.027941392497989437e+00,2.991982890923702954e+00
-2.943734050121065149e-01,1.029332395514410470e+00,3.012135721687488221e+00
-3.043021885465466703e-01,1.030522262981115711e+00,3.032550329454456683e+00
-3.142533163639974481e-01,1.031507906432294286e+00,3.053225469060929065e+00
-3.242227907356498573e-01,1.032286320753565523e+00,3.074159443985917672e+00
-3.342064434597345479e-01,1.032854595592303637e+00,3.095350070942369136e+00
-3.441999367017908873e-01,1.033209927271213635e+00,3.116794645277822795e+00
-3.541987646572556936e-01,1.033349631155702664e+00,3.138489907574604221e+00
-3.641982561091112736e-01,1.033271154414699744e+00,3.160432011877796210e+00
-3.741935779500887849e-01,1.032972089103251667e+00,3.182616496013516816e+00
-3.841797397341014109e-01,1.032450185483597238e+00,3.205038254488958849e+00
-3.941515993150600528e-01,1.031703365489797797e+00,3.227691514487591729e+00
-4.041038696229019012e-01,1.030729736229565763e+00,3.250569815486340275e+00
-4.140311266164906079e-01,1.029527603406074077e+00,3.273665993024654330e+00
-4.239278184410097960e-01,1.028095484532513204e+00,3.296972167146862809e+00
-4.337882758036261110e-01,1.026432121803380504e+00,3.320479736017509786e+00
-4.436067235656590002e-01,1.024536494479307391e+00,3.344179375173530033e+00
-4.533772935324401621e-01,1.022407830637003023e+00,3.368061042826436591e+00
-4.630940384037457447e-01,1.020045618132977561e+00,3.392113991561790609e+00
-4.727509468284585292e-01,1.017449614629431398e+00,3.416326786702533091e+00
-4.823419594873746830e-01,1.014619856533317765e+00,3.440687331508000213e+00
-4.918609861082653967e-01,1.011556666705299312e+00,3.465182899273244743e+00
-5.013019232979540885e-01,1.008260660804276565e+00,3.489800172275732582e+00
-5.106586730578128730e-01,1.004732752145341301e+00,3.514525287391380814e+00
-5.199251618322813240e-01,1.000974154964374030e+00,3.539343888072556510e+00
-5.290953599253125361e-01,9.969863860008041367e-01,3.564241182250849072e+00
-5.381633011075704909e-01,9.927712643310340201e-01,3.589202005601225487e+00
-5.471231022282045942e-01,9.883309094082085577e-01,3.614210889485781841e+00
-5.559689826394943468e-01,9.836677372889320869e-01,3.639252132788814098e+00
-5.646952832408471679e-01,9.787844550535393928e-01,3.664309876764294760e+00
-5.732964849507481420e-01,9.736840534529903612e-01,3.689368181945306802e+00
-5.817672264212875310e-01,9.683697978416603291e-01,3.714411106115462768e+00
-5.901023208197714309e-01,9.628452174805509634e-01,3.739422782316555782e+00
-5.982967715153885147e-01,9.571140933190631639e-01,3.764387495865859190e+00
-6.063457865256316470e-01,9.511804443848247415e-01,3.789289759380447986e+00
-6.142447915966691152e-01,9.450485129296193332e-01,3.814114384853899864e+00
-6.219894418135872849e-01,9.387227484947489042e-01,3.838846551900740867e+00
-6.295756316597711510e-01,9.322077910708779225e-01,3.863471871373446831e+00
-6.369995034689793778e-01,9.255084535353332864e-01,3.887976443662265247e+00
-6.442574542382656366e-01,9.186297035539058298e-01,3.912346911105837322e+00
-6.513461407941426584e-01,9.115766451344894383e-01,3.936570504066398080e+00
-6.582624833276822240e-01,9.043545000165613690e-01,3.960635080352997495e+00
-6.650036673360609774e-01,8.969685890738542389e-01,3.984529157805714039e+00
-6.715671440279510351e-01,8.894243138979639474e-01,4.008241939979333424e+00
-6.779506292677437429e-01,8.817271387185052767e-01,4.031763334983160085e+00
-6.841521011486381143e-01,8.738825728012677985e-01,4.055083967641626153e+00
-6.901697962969652878e-01,8.658961534501199431e-01,4.078195185236052289e+00
-6.960022050196773558e-01,8.577734297216814685e-01,4.101089057169627239e+00
-7.016480654137519091e-01,8.495199469444880691e-01,4.123758368964661969e+00
-7.071063565604441825e-01,8.411412321169985384e-01,4.146196611052867631e+00
-7.123762909290323186e-01,8.326427802416943580e-01,4.168397962856339234e+00
-7.174573061141692465e-01,8.240300416360952784e-01,4.190357272679527512e+00
-7.223490560284308026e-01,8.153084102460047555e-01,4.212070033941937020e+00
-7.270514016674327618e-01,8.064832129719654574e-01,4.233532358278926822e+00
-7.315644015592479565e-01,7.975597000068906928e-01,4.254740946025246551e+00
-7.358883020030998479e-01,7.885430361712663094e-01,4.275693054574576379e+00
-7.400235271947173121e-01,7.794382932222311267e-01,4.296386465079804928e+00
-7.439706693275667249e-01,7.702504431042577204e-01,4.316819447924869380e+00
-7.477304787506798833e-01,7.609843521020404067e-01,4.336990727361021314e+00
-7.513038542551779830e-01,7.516447758504861687e-01,4.356899445659891512e+00
-7.546918335530478084e-01,7.422363551523120107e-01,4.376545127093843135e+00
-7.578955840034059532e-01,7.327636125505647691e-01,4.395927642011849379e+00
-7.609163936335060496e-01,7.232309496012991890e-01,4.415047171237509893e+00
-7.637556624942442030e-01,7.136426447905233061e-01,4.433904170975358383e+00
-7.664148943829125482e-01,7.040028520392430655e-01,4.452499338372981619e+00
-7.688956889595475186e-01,6.943155997408733127e-01,4.470833577849994356e+00
-7.711997342774157271e-01,6.845847902763162462e-01,4.488907968270781979e+00
-7.733287997430083882e-01,6.748141999535153257e-01,4.506723731006439415e+00
-7.752847295163639574e-01,6.650074793201913304e-01,4.524282198902258578e+00
-7.770694363586077014e-01,6.551681538006263184e-01,4.541584786140615115e+00
-7.786848959302633544e-01,6.452996246097335575e-01,4.558632958964938808e+00
-7.801331415411257852e-01,6.354051699001320719e-01,4.575428207208385167e+00
-7.814162593502672616e-01,6.254879461004835273e-01,4.591972016550757374e+00
-7.825363840130314941e-01,6.155509894058842635e-01,4.608265841408707431e+00
-7.834956947706462893e-01,6.055972173835922900e-01,4.624311078347144388e+00
-7.842964119772888321e-01,5.956294306597585964e-01,4.640109039883672182e+00
-7.849407940590706900e-01,5.856503146551150785e-01,4.655660928542461718e+00
-7.854311348994198472e-01,5.756624413396905782e-01,4.670967810998904568e+00
-7.857697616457139933e-01,5.656682709785785246e-01,4.686030592141346318e+00
-7.859590329327382774e-01,5.556701538425626863e-01,4.700849988860769990e+00
-7.860013375195795682e-01,5.456703318589701812e-01,4.715426503363093325e+00
-7.858990933379320643e-01,5.356709401794956804e-01,4.729760395781520188e+00
-7.856547469514439941e-01,5.256740086428931535e-01,4.743851655847446835e+00
-7.852707734277163398e-01,5.156814631113770808e-01,4.757699973357708778e+00
-7.847496766268401425e-01,5.056951266602889294e-01,4.771304707152685509e+00
-7.840939899129742985e-01,4.957167206010949512e-01,4.784664852293662562e+00
-7.833062772984155098e-01,4.857478653180584693e-01,4.797779005098343319e+00
-7.823891350329379435e-01,4.757900808990001562e-01,4.810645325659833382e+00
-7.813451936549065113e-01,4.658447875404071459e-01,4.823261497436399203e+00
-7.801771205248487773e-01,4.559133057067950023e-01,4.835624683455876927e+00
-7.788876228668452084e-01,4.459968560236579616e-01,4.847731478629394353e+00
-7.774794513483435088e-01,4.360965588825876371e-01,4.859577857613047946e+00
-7.759554042348849601e-01,4.262134337361931369e-01,4.871159117592728016e+00
-7.743183321628420712e-01,4.163483980593517542e-01,4.882469815295432447e+00
-7.725711435807005589e-01,4.065022659520727277e-01,4.893503697449505196e+00
-7.707168109178071935e-01,3.966757463579112519e-01,4.904253623825245434e+00
-7.687583775489571503e-01,3.868694408704737020e-01,4.914711481885857047e+00
-7.666989656338749626e-01,3.770838410991811940e-01,4.924868091965914019e+00
-7.645417849227102991e-01,3.673193255642036026e-01,4.934713101770591415e+00
-7.622901426322954421e-01,3.575761560894767377e-01,4.944234868853959242e+00
-7.599474545132924863e-01,3.478544736621507760e-01,4.953420329590153770e+00
-7.575172572456870812e-01,3.381542937269400029e-01,4.962254852999557819e+00
-7.550032223195446424e-01,3.284755008849783997e-01,4.970722077637930170e+00
-7.524091715797210922e-01,3.188178429693843130e-01,4.978803729606666728e+00
-7.497390946374102860e-01,3.091809244743837781e-01,4.986479419608571995e+00
-7.469971683780809446e-01,2.995641993223348010e-01,4.993726416872341645e+00
-7.441877788243795866e-01,2.899669629643569224e-01,5.000519397725470050e+00
-7.413155456436332225e-01,2.803883438268754968e-01,5.006830166645668712e+00
-7.383853496219880963e-01,2.708272941400225453e-01,5.012627347817013579e+00
-7.354023634597479653e-01,2.612825802167933475e-01,5.017876045632317705e+00
-7.323720862731368797e-01,2.517527722971477644e-01,5.022537473320864976e+00
-7.293003822133395930e-01,2.422362341326409763e-01,5.026568550083482023e+00
-7.261935236294847495e-01,2.327311125694867810e-01,5.029921468981384258e+00
-7.230582392010622694e-01,2.232353274971226043e-01,5.032543240617612490e+00
-7.199017674366939845e-01,2.137465626725574552e-01,5.034375221725862382e+00
-7.167319158652253330e-01,2.042622581164821038e-01,5.035352643607821754e+00
-7.135571261107016561e-01,1.947796050147287683e-01,5.035404163533585553e+00
-7.103865448157411500e-01,1.852955443578832573e-01,5.034451473477909111e+00
-7.072301000186445030e-01,1.758067709211560414e-01,5.032409015773174232e+00
-7.040985820462071221e-01,1.663097446305258076e-01,5.029183875349699129e+00
-7.010037271904616674e-01,1.568007118755287699e-01,5.024675944053371701e+00
-6.979583013134792457e-01,1.472757398935918838e-01,5.018778484539910600e+00
-6.949761789806492285e-01,1.377307679178215172e-01,5.011379258973049033e+00
-6.920724116735066378e-01,1.281616792590523357e-01,5.002362428902986657e+00
-6.892632760210799514e-01,1.185643987307230390e-01,4.991611471811547851e+00
-6.865662898320181728e-01,1.089350195861885917e-01,4.979013386485015680e+00
-6.840001801750718036e-01,9.926996309148788944e-02,4.964464456342182253e+00
-6.815847842606922447e-01,8.956617158705987292e-02,4.947877781669402175e+00
-6.793408612100249044e-01,7.982133196056755142e-02,4.929192645866693034e+00
-6.772897922135535653e-01,7.003412054143284826e-02,4.908385513817958845e+00
-6.754531497846284482e-01,6.020445259034970520e-02,4.885482052380035078e+00
-6.738521257006632181e-01,5.033371056528797988e-02,4.860569031406512863e+00
-6.725068232523441214e-01,4.042491701365755891e-02,4.833804393342314043e+00
-6.714354425637930612e-01,3.048281319347566007e-02,4.805423340915140784e+00
-6.706534153209161575e-01,2.051380688384197085e-02,4.775738224599481718e+00
-6.701725712632206067e-01,1.052576511116368532e-02,4.745130541787516698e+00
-6.700004347612354971e-01,5.276499301544381078e-04,4.714034569002601316e+00
-6.701397474795528497e-01,-9.470975838895454371e-03,4.682913843858278469e+00
-6.705882885685062744e-01,-1.946051852932818849e-02,4.652233412028349058e+00
-6.713390205586540205e-01,-2.943192751285724287e-02,4.622431850851862478e+00
-6.723805380458387493e-01,-3.937720042715350810e-02,4.593897140727120743e+00
-6.736977515436052277e-01,-4.928976290809421179e-02,4.566949453728948782e+00
-6.752727120381816217e-01,-5.916469280717518570e-02,4.541832265677753000e+00
-6.770854771873197064e-01,-6.899878791343605489e-02,4.518711475242090714e+00
-6.791149344899574114e-01,-7.879049953735031697e-02,4.497680938361344971e+00
-6.813395221369898946e-01,-8.853976770154146914e-02,4.478772224252017153e+00
-6.837378160028471097e-01,-9.824779698261479344e-02,4.461966413421184718e+00
-6.862889750301252034e-01,-1.079168078840590378e-01,4.447206169471099813e+00
-6.889730540760313771e-01,-1.175497905114027131e-01,4.434406882512381465e+00
-6.917712028777507349e-01,-1.271502782928401187e-01,4.423466223089119076e+00
-6.946657735080953300e-01,-1.367221514771281565e-01,4.414271868423768730e+00
-6.976403584213913822e-01,-1.462694740137768790e-01,4.406707444154466913e+00
-7.006797786750905699e-01,-1.557963632912698626e-01,4.400656881871381820e+00
-7.037700384604627102e-01,-1.653068897843039398e-01,4.396007458560659664e+00
-7.068982585200842550e-01,-1.748050025061370083e-01,4.392651791572186326e+00
-7.100525978219353052e-01,-1.842944758552416129e-01,4.390489038236778718e+00
-7.132221701876280129e-01,-1.937788736456366734e-01,4.389425510866052704e+00
-7.163969604653929180e-01,-2.032615265722128306e-01,4.389374876606654929e+00
-7.195677432452141087e-01,-2.127455199252759610e-01,4.390258073380805648e+00
-7.227260059494188260e-01,-2.222336889361698209e-01,4.392003040486980758e+00
-7.258638773074175266e-01,-2.317286196568220380e-01,4.394544335973066929e+00
-7.289740616568696208e-01,-2.412326537278024763e-01,4.397822692236380782e+00
-7.320497791376390229e-01,-2.507478957665492669e-01,4.401784545625774925e+00
-7.350847116059695541e-01,-2.602762224136718761e-01,4.406381564188805555e+00
-7.380729539536647899e-01,-2.698192923188965642e-01,4.411570189245185958e+00
-7.410089704405359301e-01,-2.793785565389396708e-01,4.417311200424305362e+00
-7.438875556161239633e-01,-2.889552689668684615e-01,4.423569309568073926e+00
-7.467037994032088566e-01,-2.985504965249104470e-01,4.430312785991016078e+00
-7.494530559300129902e-01,-3.081651289375169633e-01,4.437513113641148976e+00
-7.521309157228693865e-01,-3.177998879648510355e-01,4.445144679442832647e+00
-7.547331809014181658e-01,-3.274553360236591715e-01,4.453184491323580296e+00
-7.572558430508441463e-01,-3.371318841565941749e-01,4.461611923983049621e+00
-7.596950634781500789e-01,-3.468297993355536346e-01,4.470408490247006483e+00
-7.620471555906965788e-01,-3.565492111018499499e-01,4.479557635786129310e+00
-7.643085691645040702e-01,-3.662901175578761048e-01,4.489044555014995552e+00
-7.664758762967325278e-01,-3.760523907327752435e-01,4.498856026083084103e+00
-7.685457588612137902e-01,-3.858357813495308930e-01,4.508980263000837319e+00
-7.705149973079320480e-01,-3.956399230236750664e-01,4.519406783092567714e+00
-7.723804606670442441e-01,-4.054643359250796886e-01,4.530126288122075628e+00
-7.741390976355853049e-01,-4.153084299345093378e-01,4.541130557589072581e+00
-7.757879286405661157e-01,-4.251715073261037037e-01,4.552412352839892762e+00
-7.773240387859882139e-01,-4.350527650060000417e-01,4.563965330771964091e+00
-7.787445716035134025e-01,-4.449512963360678364e-01,4.575783966036715000e+00
-7.800467235373470531e-01,-4.548660925703611468e-01,4.587863480759491353e+00
-7.812277391034730956e-01,-4.647960439304998359e-01,4.600199780897725077e+00
-7.822849066718644551e-01,-4.747399403448330224e-01,4.612789398450693135e+00
-7.832155548278293411e-01,-4.846964718749820489e-01,4.625629438816095451e+00
-7.840170492753418818e-01,-4.946642288522389297e-01,4.638717532661493337e+00
-7.846867902511633908e-01,-5.046417017453325160e-01,4.652051791742900733e+00
-7.852222104238696376e-01,-5.146272807802957372e-01,4.665630768159610753e+00
-7.856207732566262703e-01,-5.246192553325826902e-01,4.679453416584255621e+00
-7.858799718167948090e-01,-5.346158131112006551e-01,4.693519059051048714e+00
-7.859973280192152911e-01,-5.446150391544506419e-01,4.707827351923768333e+00
-7.859703922933793940e-01,-5.546149146569148147e-01,4.722378254699013844e+00
-7.857967436677020245e-01,-5.646133156475869885e-01,4.737172000330212462e+00
-7.854739902667388085e-01,-5.746080115395237886e-01,4.752209066784266689e+00
-7.849997702195196103e-01,-5.845966635720886151e-01,4.767490149566280699e+00
-7.843717529791673915e-01,-5.945768231677860394e-01,4.783016134968822719e+00
-7.835876410556721350e-01,-6.045459302268080259e-01,4.798788073821209643e+00
-7.826451721650762305e-01,-6.145013113837646257e-01,4.814807155531725336e+00
-7.815421217994051872e-01,-6.244401782526275424e-01,4.831074682231990991e+00
-7.802763062224276069e-01,-6.343596256876551376e-01,4.847592042848169136e+00
-7.788455858967462397e-01,-6.442566300900208764e-01,4.864360686938757006e+00
-7.772478693477660183e-01,-6.541280477919582115e-01,4.881382098153800086e+00
-7.754811174697673337e-01,-6.639706135525067499e-01,4.898657767185668810e+00
-7.735433482785557535e-01,-6.737809392013227594e-01,4.916189164097604092e+00
-7.714326421139855450e-01,-6.835555124694944196e-01,4.933977709933177636e+00
-7.691471472939882537e-01,-6.932906960488371961e-01,4.952024747528215087e+00
-7.666850862195798699e-01,-7.029827269236824661e-01,4.970331511466573815e+00
-7.640447619276035107e-01,-7.126277160216670792e-01,4.988899097143034922e+00
-7.612245650847060396e-01,-7.222216482324114173e-01,5.007728428920509955e+00
-7.582229814121671518e-01,-7.317603828451650916e-01,5.026820227395014662e+00
-7.550385995267203665e-01,-7.412396544584299862e-01,5.046174975810621355e+00
-7.516701191774015633e-01,-7.506550744161170075e-01,5.065792885697874226e+00
-7.481163598527179603e-01,-7.600021328258903530e-01,5.085673861842993304e+00
-7.443762697260898342e-01,-7.692762012158513851e-01,5.105817466731444654e+00
-7.404489349005787258e-01,-7.784725358855175692e-01,5.126222884647825495e+00
-7.363335889064585027e-01,-7.875862820060276492e-01,5.146888885654367307e+00
-7.320296223972553307e-01,-7.966124785225233706e-01,5.167813789711863670e+00
-7.275365929815915678e-01,-8.055460639085951779e-01,5.188995431249030510e+00
-7.228542351196416416e-01,-8.143818828184211656e-01,5.210431124528311031e+00
-7.179824700043878627e-01,-8.231146936766614575e-01,5.232117630196820635e+00
-7.129214153393438336e-01,-8.317391772392023208e-01,5.254051123449395178e+00
-7.076713949162052320e-01,-8.402499461494212785e-01,5.276227164265155700e+00
-7.022329478882120002e-01,-8.486415555047126524e-01,5.298640670208111025e+00
-6.966068376281593366e-01,-8.569085144365979900e-01,5.321285892304612908e+00
-6.907940600542166187e-01,-8.650452986948823364e-01,5.344156394524096854e+00
-6.847958513023375549e-01,-8.730463642121061296e-01,5.367245037393186813e+00
-6.786136946213194854e-01,-8.809061616091642399e-01,5.390543966265003206e+00
-6.722493263658275708e-01,-8.886191515866030954e-01,5.414044604744406186e+00
-6.657047409641528857e-01,-8.961798211290784577e-01,5.437737653734539656e+00
-6.589821947413941894e-01,-9.035827004330783119e-01,5.461613096519871036e+00
-6.520842084852803699e-01,-9.108223804507051824e-01,5.485660210235591805e+00
-6.450135686511313526e-01,-9.178935309254908637e-01,5.509867583993025342e+00
-6.377733271144858662e-01,-9.247909187803853293e-01,5.534223143836431547e+00
-6.303667993947017489e-01,-9.315094267037159481e-01,5.558714184599777397e+00
-6.227975612901571756e-01,-9.380440717665413652e-01,5.583327408614843002e+00
-6.150694438853467894e-01,-9.443900238949305415e-01,5.608048971097102431e+00
-6.071865269117988628e-01,-9.505426240137155869e-01,5.632864531906596639e+00
-5.991531304679045267e-01,-9.564974016745667607e-01,5.657759313251125910e+00
-5.909738051269191050e-01,-9.622500919811372011e-01,5.682718162772721904e+00
-5.826533204869887017e-01,-9.677966516276896858e-01,5.707725621339576172e+00
-5.741966522414048146e-01,-9.731332738751444777e-01,5.732765994758660888e+00
-5.656089678707666435e-01,-9.782564022998008202e-01,5.757823428533008325e+00
-5.568956110806565496e-01,-9.831627431649153648e-01,5.782881984715365853e+00
-5.480620851281983175e-01,-9.878492762835453522e-01,5.807925719859571956e+00
-5.391140351979030187e-01,-9.923132642621413924e-01,5.832938763044434261e+00
-5.300572300010421012e-01,-9.965522600377927365e-01,5.857905392943075995e+00
-5.208975427830565552e-01,-1.000564112647119197e+00,5.882810112933920088e+00
-5.116409319299530800e-01,-1.004346971190961169e+00,5.907637723296558896e+00
-5.022934213671661485e-01,-1.007899286985469045e+00,5.932373389605070102e+00
-4.928610809429653239e-01,-1.011219813916296673e+00,5.957002706520164281e+00
-4.833500069833334134e-01,-1.014307607037645775e+00,5.981511756286458592e+00
-4.737663031965956839e-01,-1.017162019481325341e+00,6.005887161358603343e+00
-4.641160620942996196e-01,-1.019782697762196655e+00,6.030116130705470034e+00
-4.544053470804044204e-01,-1.022169575585002210e+00,6.054186499471288840e+00
-4.446401753442316696e-01,-1.024322866273240651e+00,6.078086761802196314e+00
-4.348265016744095046e-01,-1.026243053953287854e+00,6.101806096772366850e+00
-4.249702032917737626e-01,-1.027930883636237747e+00,6.125334387462364916e+00
-4.150770657794067287e-01,-1.029387350346016472e+00,6.148662233350812301e+00
-4.051527701682221538e-01,-1.030613687445237625e+00,6.171780956276573527e+00
-3.952028812172063699e-01,-1.031611354310300266e+00,6.194682600310912335e+00
-3.852328369090087246e-01,-1.032382023504565538e+00,6.217359925946545296e+00
-3.752479391643776530e-01,-1.032927567593469709e+00,6.239806399062820752e+00
-3.652533457632278213e-01,-1.033250045738414391e+00,6.262016175163626741e+00
-3.552540634460931712e-01,-1.033351690197669592e+00,6.283984079407741952e+00
-3.452549421574923616e-01,-1.033234892852602282e+00,6.305705582961268263e+00
-3.352606703823581280e-01,-1.032902191866771568e+00,6.327176776199754826e+00
-3.252757715181731069e-01,-1.032356258574031571e+00,6.348394339275297504e+00
-3.153046012187412650e-01,-1.031599884680170387e+00,6.369355510542710874e+00
-3.053513456405334003e-01,-1.030635969850978606e+00,6.390058053310663233e+00
-2.954200205191359063e-01,-1.029467509748262177e+00,6.410500221349817451e+00
-2.855144710013752807e-01,-1.028097584564389599e+00,6.430680723552277378e+00
-2.756383721580061841e-01,-1.026529348095605920e+00,6.450598688096133237e+00
-2.657952301022873942e-01,-1.024766017384735273e+00,6.470253626427085791e+00
-2.559883836411424585e-01,-1.022810862955056965e+00,6.489645397326887277e+00
-2.462210063877552646e-01,-1.020667199649168300e+00,6.508774171296623834e+00
-2.364961092672198395e-01,-1.018338378079544082e+00,6.527640395442422694e+00
-2.268165433501012906e-01,-1.015827776691279549e+00,6.546244759012417980e+00
-2.171850029523418046e-01,-1.013138794432135725e+00,6.564588159697239078e+00
-2.076040289437290909e-01,-1.010274844020478735e+00,6.582671670772138661e+00
-1.980760122110446775e-01,-1.007239345797944274e+00,6.600496509127202316e+00
-1.886031972259178402e-01,-1.004035722150641741e+00,6.618064004203008110e+00
-1.791876856712596167e-01,-1.000667392480373508e+00,6.635375567822467069e+00
-1.698314400838736582e-01,-9.971377687056119932e-01,6.652432664885328251e+00
-1.605362874743793133e-01,-9.934502512708113242e-01,6.669236784869738699e+00
-1.513039228889000443e-01,-9.896082256419607148e-01,6.685789414065048675e+00
-1.421359128800307459e-01,-9.856150592660541943e-01,6.702092008441541182e+00
-1.330336988573767032e-01,-9.814740989723170772e-01,6.718145967045594524e+00
-1.239986002904365087e-01,-9.771886687935306126e-01,6.733952605792634216e+00
-1.150318177387674584e-01,-9.727620681866020469e-01,6.749513131514842001e+00
-1.061344356862171379e-01,-9.681975706325930409e-01,6.764828616105472925e+00
-9.730742515752255350e-02,-9.634984225977152317e-01,6.779899970586623859e+00
-8.855164609676487164e-02,-9.586678428382996442e-01,6.794727918911864784e+00
-7.986784948802180817e-02,-9.537090220344356384e-01,6.809312971299021022e+00
-7.125667919907792414e-02,-9.486251227388217133e-01,6.823655396871104450e+00
-6.271867352923479744e-02,-9.434192796293906502e-01,6.837755195364675131e+00
-5.425426644210290528e-02,-9.380946000564365228e-01,6.851612067644124338e+00
-4.586378846375327445e-02,-9.326541648773096771e-01,6.865225384737285275e+00
-3.754746722574891366e-02,-9.271010295742482255e-01,6.878594155081747985e+00
-2.930542763135836684e-02,-9.214382256536054472e-01,6.891716989641861524e+00
-2.113769162166215243e-02,-9.156687623276401622e-01,6.904592064523010109e+00
-1.304417751628240453e-02,-9.097956284831758555e-01,6.917217080671878904e+00
-5.024698901081357284e-03,-9.038217949448699162e-01,6.929589220208217881e+00
2.921036967639543264e-03,-8.977502170445833540e-01,6.941705098884604297e+00
1.079343127617122047e-02,-8.915838375124922610e-01,6.953560714114932040e+00
1.859299632113135814e-02,-8.853255897101860450e-01,6.965151387949206629e+00
2.632035877361909096e-02,-8.789784012311495642e-01,6.976471704300638343e+00
3.397626358628560994e-02,-8.725451978998167712e-01,6.987515439650501925e+00
4.156157859515264424e-02,-8.660289082069451139e-01,6.998275486365588272e+00
4.907729987392776133e-02,-8.594324682265146453e-01,7.008743767661943735e+00
5.652455790507423389e-02,-8.527588270678767568e-01,7.018911143136281616e+00
6.390462463899172774e-02,-8.460109529266510719e-01,7.028767303662801780e+00
7.121892152032534284e-02,-8.391918398091177123e-01,7.038300654318706329e+00
7.846902856858298247e-02,-8.323045150178198792e-01,7.047498183857390686e+00
8.565669460878941321e-02,-8.253520475010842627e-01,7.056345319096893220e+00
9.278384875665088294e-02,-8.183375571865006970e-01,7.064825762436910850e+00
9.985261327135104559e-02,-8.112642254384500040e-01,7.072921310567664932e+00
1.068653178972000101e-01,-8.041353068029355455e-01,7.080611652299266368e+00
1.138245158222635500e-01,-7.969541422296744226e-01,7.087874143337518973e+00
1.207330013868666285e-01,-7.897241739920777270e-01,7.094683555786074791e+00
1.275938296761654211e-01,-7.824489625607939924e-01,7.101011800201148638e+00
1.344103381269495245e-01,-7.751322057261862408e-01,7.106827618214868636e+00
1.411861702668900653e-01,-7.677777603096099801e-01,7.112096244149414659e+00
1.479253016810450072e-01,-7.603896668523967284e-01,7.116779034768192957e+00
1.546320682607528474e-01,-7.529721777242380787e-01,7.120833067493824942e+00
1.613111967276055214e-01,-7.455297891474941263e-01,7.124210709259845231e+00
1.679678373313597539e-01,-7.380672776876340269e-01,7.126859160917274671e+00
1.746075984840816941e-01,-7.305897418072451188e-01,7.128719986140915843e+00
1.812365828988570793e-01,-7.231026491131861134e-01,7.129728639535553469e+00
1.878614245314851605e-01,-7.156118899301873171e-01,7.129814016721529590e+00
1.944893252548655083e-01,-7.081238377893604996e-01,7.128898060314747376e+00
2.011280897013282554e-01,-7.006454172971099403e-01,7.126895470769619934e+00
2.077861560580706035e-01,-6.931841796065176808e-01,7.123713590956025854e+00
2.144726197655393574e-01,-6.857483852906670618e-01,7.119252558947764875e+00
2.211972460252120964e-01,-6.783470937368997200e-01,7.113405855292075586e+00
2.279704657674821167e-01,-6.709902571423108641e-01,7.106061408581615169e+00
2.348033482958912510e-01,-6.636888156745501810e-01,7.097103464248440297e+00
2.417075423117094890e-01,-6.564547882421243319e-01,7.086415460823270784e+00
2.486951756412811576e-01,-6.493013504911525624e-01,7.073884185262858892e+00
2.557787031012335732e-01,-6.422428880855796107e-01,7.059405477342747481e+00
2.629706921047251234e-01,-6.352950091811742084e-01,7.042891697396964190e+00
2.702835376031026970e-01,-6.284744957201323645e-01,7.024281029515084818e+00
2.777291026727201628e-01,-6.217991696609505015e-01,7.003548430054199692e+00
2.853182893108000551e-01,-6.152876489999495879e-01,6.980717628174070377e+00
2.930605561057905706e-01,-6.089589714510800222e-01,6.955873056903609353e+00
3.009634146035692903e-01,-6.028320731038141478e-01,6.929170021848558569e+00
3.090319519217236133e-01,-5.969251267616122458e-01,6.900840967700372808e+00
3.172684391385340863e-01,-5.912547695051690866e-01,6.871195617547394718e+00
3.256720877875223241e-01,-5.858352776679234264e-01,6.840613266543375204e+00
3.342390058904958217e-01,-5.806777727243481735e-01,6.809526698433876035e+00
3.429623793622603167e-01,-5.757895545529470027e-01,6.778398878469916511e+00
3.518328687509448827e-01,-5.711736517789794965e-01,6.747695285023212364e+00
3.608391744875484863e-01,-5.668286507679337616e-01,6.717855869011001957e+00
3.699686969489635602e-01,-5.627488214064509942e-01,6.689270729420177197e+00
3.792082082756284001e-01,-5.589245110638818570e-01,6.662262624107507136e+00
3.885444621020073819e-01,-5.553427409449329666e-01,6.637077785192003532e+00
3.979646898887443940e-01,-5.519879198462103176e-01,6.613884777895991718e+00
4.074569599338473402e-01,-5.488425904952078938e-01,6.592779844970362291e+00
4.170103996328749507e-01,-5.458881385500103933e-01,6.573796552711549168e+00
4.266152985895426686e-01,-5.431054165964636082e-01,6.556917550263925420e+00
4.362631187487202022e-01,-5.404752582465385258e-01,6.542086655596002664e+00
4.459464393119568215e-01,-5.379788762461309437e-01,6.529220045679999807e+00
4.556588612836282026e-01,-5.355981515273963156e-01,6.518215872437557401e+00
4.653948914539625670e-01,-5.333158275428429018e-01,6.508962053799596248e+00
4.751498201758465045e-01,-5.311156271765352654e-01,6.501342275433770190e+00
4.849196024281193229e-01,-5.289823094948614690e-01,6.495240399674081289e+00
4.947007477944599385e-01,-5.269016818625521514e-01,6.490543546613808168e+00
5.044902221738425396e-01,-5.248605804612715975e-01,6.487144121386934081e+00
5.142853621401546338e-01,-5.228468296207572363e-01,6.484941037944619957e+00
5.240838016844058256e-01,-5.208491879473637898e-01,6.483840351506660937e+00
5.338834104046736861e-01,-5.188572871655491303e-01,6.483755470582796221e+00
5.436822418900594256e-01,-5.168615679129295870e-01,6.484607081054297062e+00
5.534784909484884441e-01,-5.148532154253758764e-01,6.486322881933153539e+00
5.632704583636894968e-01,-5.128240970638454632e-01,6.488837205739487857e+00
5.730565219730295867e-01,-5.107667029101400358e-01,6.492090575588376211e+00
5.828351129958689869e-01,-5.086740901384402269e-01,6.496029235238757416e+00
5.926046966878739664e-01,-5.065398315047295874e-01,6.500604676597957265e+00
6.023637565367793156e-01,-5.043579680473952997e-01,6.505773180615668672e+00
6.121107813425037403e-01,-5.021229659281504221e-01,6.511495381383934244e+00
6.218442546365093859e-01,-4.998296772390771747e-01,6.517735858968411122e+00
6.315626459914214230e-01,-4.974733045411168786e-01,6.524462763547036914e+00
6.412644038531217783e-01,-4.950493688685248528e-01,6.531647471455146459e+00
6.509479495952542605e-01,-4.925536809230923185e-01,6.539264272453397808e+00
6.606116725521472555e-01,-4.899823151844127644e-01,6.547290086741528015e+00
6.702539258322286475e-01,-4.873315866732889079e-01,6.555704209787311498e+00
6.798730227517367775e-01,-4.845980301211363361e-01,6.564488082818180636e+00
6.894672337593110711e-01,-4.817783813166058859e-01,6.573625086755611413e+00
6.990347837471156955e-01,-4.788695604200495781e-01,6.583100357405196057e+00
7.085738496645553886e-01,-4.758686570558606777e-01,6.592900619810085239e+00
7.180825583672384438e-01,-4.727729170114784440e-01,6.603014039805887414e+00
7.275589846473596856e-01,-4.695797303895684616e-01,6.613430090963389851e+00
7.370011494027035592e-01,-4.662866210763612629e-01,6.624139435259585262e+00
7.464070179104812519e-01,-4.628912374042690181e-01,6.635133815969809667e+00
7.557744981796208350e-01,-4.593913439006879762e-01,6.646405961419515229e+00
7.651014393612349807e-01,-4.557848140273750848e-01,6.657949498370558494e+00
7.743856302020669657e-01,-4.520696238260334954e-01,6.669758873942450705e+00
7.836247975299635016e-01,-4.482438463958279828e-01,6.681829285083323633e+00
7.928166047640250458e-01,-4.443056471375848582e-01,6.694156614708453468e+00
8.019586504451715614e-01,-4.402532797074899529e-01,6.706737373716585182e+00
8.110484667855482055e-01,-4.360850826302806182e-01,6.719568648176593939e+00
8.200835182375815213e-01,-4.317994765283101888e-01,6.732648051050085236e+00
8.290612000856490971e-01,-4.273949619285271617e-01,6.745973677880128250e+00
8.379788370653038498e-01,-4.228701176144180063e-01,6.759544065933292600e+00
8.468336820168668178e-01,-4.182235994943760415e-01,6.773358156332379920e+00
8.556229145819772564e-01,-4.134541399618311130e-01,6.787415258761304138e+00
8.643436399534356607e-01,-4.085605477258433260e-01,6.801715018362430420e+00
8.729928876903937374e-01,-4.035417080937737100e-01,6.816257384480787884e+00
8.815676106126600908e-01,-3.983965836901203761e-01,6.831042580939590714e+00
8.900646837896387664e-01,-3.931242155976710229e-01,6.846071077558165463e+00
8.984809036411666172e-01,-3.877237249087969739e-01,6.861343562646864846e+00
9.068129871693229038e-01,-3.821943146760013454e-01,6.876860916234766918e+00
9.150575713421031931e-01,-3.765352722517527617e-01,6.892624183804968219e+00
9.232112126517189044e-01,-3.707459720081742738e-01,6.908634550329847634e+00
9.312703868721540212e-01,-3.648258784273315514e-01,6.924893314414887868e+00
9.392314890425175200e-01,-3.587745495526493134e-01,6.941401862375272458e+00
9.470908337045992331e-01,-3.525916407913896600e-01,6.958161642084437659e+00
9.548446554249053753e-01,-3.462769090571330977e-01,6.975174136448899276e+00
9.624891096332309770e-01,-3.398302172397987264e-01,6.992440836378938762e+00
9.700202738115342171e-01,-3.332515389889230129e-01,7.009963213140784966e+00
9.774341490684287370e-01,-3.265409637936638187e-01,7.027742689992818370e+00
9.847266621359858085e-01,-3.196987023403115025e-01,7.045780613026654038e+00
9.918936678266639939e-01,-3.127250921249582483e-01,7.064078221153798687e+00
9.989309519890015032e-01,-3.056206032954037477e-01,7.082636615200311070e+00
1.005834235001146215e+00,-2.983858446923639551e-01,7.101456726095811689e+00
1.012599175841285115e+00,-2.910215700556201823e-01,7.120539282169290551e+00
1.019221376773473464e+00,-2.835286843559131631e-01,7.139884775592901356e+00
1.025696388686188953e+00,-2.759082502081967592e-01,7.159493428046085128e+00
1.032019717119033952e+00,-2.681614943163648235e-01,7.179365155706096679e+00
1.038186829010297574e+00,-2.602898138938239403e-01,7.199499533707198751e+00
1.044193160194497372e+00,-2.522947829983812618e-01,7.219895760249112726e+00
1.050034123674421060e+00,-2.441781587139699172e-01,7.240552620575564369e+00
1.055705118686561139e+00,-2.359418871058491518e-01,7.261468451085239195e+00
1.061201540572070501e+00,-2.275881088702620958e-01,7.282641103879725186e+00
1.066518791457458537e+00,-2.191191645942559274e-01,7.304067912094928339e+00
1.071652291740162299e+00,-2.105375995366688957e-01,7.325745656403297446e+00
1.076597492363859265e+00,-2.018461678373598689e-01,7.347670533112530933e+00
1.081349887857046665e+00,-1.930478360588188946e-01,7.369838124321011819e+00
1.085905030095989376e+00,-1.841457859625749427e-01,7.392243370619638654e+00
1.090258542739871661e+00,-1.751434164225319501e-01,7.414880546852159249e+00
1.094406136271970365e+00,-1.660443443787406603e-01,7.437743241460162302e+00
1.098343623566188310e+00,-1.568524047383466347e-01,7.460824339942825567e+00
1.102066935883610377e+00,-1.475716491357257909e-01,7.484116012953829333e+00
1.105572139189184178e+00,-1.382063434712626215e-01,7.507609709537073073e+00
1.108855450664593345e+00,-1.287609641579305908e-01,7.531296155968099981e+00
1.111913255280251089e+00,-1.192401930168293239e-01,7.555165360618431691e+00
1.114742122277569969e+00,-1.096489107770726029e-01,7.579206625195231695e+00
1.117338821402654725e+00,-9.999218915178786915e-02,7.603408562629010881e+00
1.119700338724793687e+00,-9.027528148026944810e-02,7.627759121788296959e+00
1.121823891867982814e+00,-8.050361194623925631e-02,7.652245619093813289e+00
1.123706944481556169e+00,-7.068276340332614593e-02,7.676854776987764417e+00
1.125347219777139474e+00,-6.081846386083054889e-02,7.701572769089199078e+00
1.126742712963787696e+00,-5.091657170506856678e-02,7.726385271737209237e+00
1.127891702421420117e+00,-4.098305975351925617e-02,7.751277521493868505e+00
1.128792759464528395e+00,-3.102399826003036931e-02,7.776234378052159890e+00
1.129444756563501073e+00,-2.104553700885671008e-02,7.801240391875129632e+00
1.129846873909477356e+00,-1.105388665272453302e-02,7.826279875784964091e+00
1.129998604230094239e+00,-1.055299464885363489e-03,7.851336979628901425e+00
